regime,B,H,Dh,d_model,d_ff,seq,int8_ms,fp16_ms,cos,speedup
prefill,8,16,64,1024,4096,512,1.4744166445732116,0.8146124804019927,0.9999356865882874,0.5524981581022456
prefill,8,16,64,1024,4096,1024,2.8519424104690554,1.516933135986328,0.9999356865882874,0.531894729156484
prefill,8,16,64,1024,4096,2048,6.013480958938598,3.2959693384170534,0.9999356269836426,0.5480967447843726
decode,128,16,64,1024,4096,2048,1.205903367996216,1.000673282146454,0.9985568523406982,0.8298121629838536
decode,128,16,64,1024,4096,4096,1.9400704002380371,1.8243788886070251,0.9992480874061584,0.9403673641859506
decode,128,16,64,1024,4096,8192,3.36531457901001,3.5474432373046874,0.9995932579040527,1.0541193561608304
decode,128,16,64,1024,4096,16384,6.227599411010742,6.969098262786865,0.9997620582580566,1.1190665620632425
decode,128,16,64,1024,4096,32768,11.479142303466796,13.74347261428833,0.9998486042022705,1.1972560537155887
